size, OPIC robin hood load 0.89, dense hash map, sparse hash map, std::unordered map, libcuckoo, klib khash
262144, 0.013363, 0.030784, 0.039195, 0.043740, 0.051274, 0.033809
524288, 0.047026, 0.067211, 0.083983, 0.104807, 0.104620, 0.076395
1048576, 0.115454, 0.136594, 0.181118, 0.232469, 0.210907, 0.176144
2097152, 0.268454, 0.281961, 0.378881, 0.475825, 0.423598, 0.365481
4194304, 0.529459, 0.593381, 0.865752, 0.974064, 0.896364, 0.778011
